{
	"class_name" : "PinholeCameraParameters",
	"extrinsic" : 
	[
		-0.66836757203249464,
		-0.40034499349702946,
		0.62690403957643437,
		0.0,
		-0.023664847020242345,
		-0.83093287073494904,
		-0.55586917466944075,
		0.0,
		0.74345461439881899,
		-0.38636051883446904,
		0.54589448230868143,
		0.0,
		0.06979788144697574,
		0.30204396056447935,
		7.5263119146523731,
		1.0
	],
	"intrinsic" : 
	{
		"height" : 1080,
		"intrinsic_matrix" : 
		[
			935.30743608719376,
			0.0,
			0.0,
			0.0,
			935.30743608719376,
			0.0,
			959.5,
			539.5,
			1.0
		],
		"width" : 1920
	},
	"version_major" : 1,
	"version_minor" : 0
}